Age,Years_Experience,Education_Level,Monthly_Income,Hours_Per_Week,Projects_Completed,Training_Hours,Performance_Score
22,0,12,45000,40,1,10,62
25,2,14,60000,42,3,20,68
28,4,16,85000,45,5,30,75
31,7,16,110000,44,8,35,82
24,1,14,52000,40,2,15,65
35,10,18,180000,50,12,50,92
29,5,16,95000,46,7,40,84
27,3,14,70000,43,4,25,72
23,1,12,48000,39,2,12,60
40,15,18,250000,52,18,60,95
33,8,16,140000,48,10,45,88
26,2,14,62000,41,3,18,70
30,6,16,100000,45,6,32,80
37,12,18,210000,50,15,55,91
21,0,12,42000,38,1,8,58
32,9,16,150000,47,11,48,86
28,4,14,78000,44,5,28,76
45,18,18,300000,55,22,70,97
34,7,16,125000,46,9,38,85
25,3,14,68000,42,4,22,69
27,2,16,72000,40,3,25,73
36,11,18,195000,49,14,52,90
29,5,14,88000,45,6,35,78
23,1,12,47000,40,2,10,61
39,14,18,230000,51,17,58,94
31,6,16,105000,44,7,34,81
26,3,14,65000,42,4,20,71
42,16,18,275000,53,20,65,96
24,2,12,55000,41,2,14,64
30,5,16,92000,45,6,30,79
33,9,18,160000,48,12,46,89
28,3,14,75000,43,5,24,74
35,8,16,135000,47,9,42,87
22,1,12,46000,39,1,9,59
38,13,18,220000,50,16,57,93
27,4,16,80000,44,5,29,77
41,15,18,260000,52,19,63,95
29,6,14,90000,45,7,33,79
25,1,14,58000,40,2,16,66
32,7,16,115000,46,8,37,83
36,10,18,175000,49,13,51,90
23,0,12,43000,38,1,7,57
34,6,16,120000,45,8,39,84
28,5,14,82000,43,6,27,76
40,12,18,205000,51,15,54,92
26,2,12,60000,41,3,17,67
37,9,16,145000,48,11,44,88
31,5,14,98000,44,6,31,80
44,17,18,290000,54,21,68,97
24,1,12,50000,40,2,13,63
33,8,16,130000,47,10,41,86