EmployeeID,Name,Department,Salary,Age,City
1,Ali,HR,45000,24,Peshawar
2,Ahmad,IT,52000,25,Islamabad
3,Usman,Finance,48000,26,Lahore
4,Bilal,Marketing,55000,27,Karachi
5,Hamza,IT,60000,28,Peshawar
6,Saad,HR,47000,24,Mardan
7,Zeeshan,Finance,51000,29,Swat
8,Ahsan,Marketing,53000,30,Charsadda
9,Fahad,IT,62000,26,Islamabad
10,Talha,HR,49000,25,Peshawar
11,Ali,Finance,50000,27,Lahore
12,Ahmad,Marketing,56000,28,Karachi
13,Usman,IT,64000,29,Peshawar
14,Bilal,HR,46000,24,Mardan
15,Hamza,Finance,52000,30,Swat
16,Saad,Marketing,57000,26,Charsadda
17,Zeeshan,IT,65000,27,Islamabad
18,Ahsan,HR,48000,28,Peshawar
19,Fahad,Finance,53000,29,Lahore
20,Talha,Marketing,58000,30,Karachi
21,Ali,IT,61000,25,Peshawar
22,Ahmad,HR,47000,26,Mardan
23,Usman,Finance,54000,27,Swat
24,Bilal,Marketing,59000,28,Charsadda
25,Hamza,IT,66000,29,Islamabad
26,Saad,HR,49000,24,Peshawar
27,Zeeshan,Finance,55000,30,Lahore
28,Ahsan,Marketing,60000,26,Karachi
29,Fahad,IT,67000,27,Peshawar
30,Talha,HR,50000,28,Mardan
31,Ali,Finance,56000,29,Swat
32,Ahmad,Marketing,61000,30,Charsadda
33,Usman,IT,68000,25,Islamabad
34,Bilal,HR,51000,26,Peshawar
35,Hamza,Finance,57000,27,Lahore
36,Saad,Marketing,62000,28,Karachi
37,Zeeshan,IT,69000,29,Peshawar
38,Ahsan,HR,52000,30,Mardan
39,Fahad,Finance,58000,25,Swat
40,Talha,Marketing,63000,26,Charsadda
41,Ali,IT,70000,27,Islamabad
42,Ahmad,HR,53000,28,Peshawar
43,Usman,Finance,59000,29,Lahore
44,Bilal,Marketing,64000,30,Karachi
45,Hamza,IT,71000,25,Peshawar
46,Saad,HR,54000,26,Mardan
47,Zeeshan,Finance,60000,27,Swat
48,Ahsan,Marketing,65000,28,Charsadda
49,Fahad,IT,72000,29,Islamabad
50,Talha,HR,55000,30,Peshawar